x,target
-3.0,0.024835707650561673
-2.987975951903808,-0.0028900271465699253
-2.975951903807615,0.04045755004115055
-2.963927855711423,0.0882958455962824
-2.9519038076152304,0.004523682920835558
-2.9398797595190382,0.008621681289977338
-2.9278557114228456,0.10339087682487245
-2.9158316633266534,0.06690250822368979
-2.903807615230461,0.009150672085623476
-2.8917835671342687,0.06383331518483784
-2.879759519038076,0.017596840501722257
-2.867735470941884,0.021519306498716417
-2.8557114228456912,0.06091178550945304
-2.843687374749499,-0.04287850894056563
-2.8316633266533064,-0.029530457716077506
-2.8196392785571143,0.03248324147690912
-2.8076152304609217,0.01378466981744108
-2.7955911823647295,0.08390781880086146
-2.7835671342685373,0.026498319720951985
-2.7715430861723447,0.004917521127605767
-2.7595190380761525,0.1523717527957448
-2.74749498997996,0.07127490259298042
-2.7354709418837677,0.0893267593030067
-2.723446893787575,0.01800630370532441
-2.711422845691383,0.06521925657610969
-2.6993987975951903,0.10107518803119839
-2.687374749498998,0.04096079595777888
-2.6753507014028055,0.12016240924212053
-2.6633266533066133,0.07409320085095278
-2.6513026052104207,0.09216376182511558
-2.6392785571142285,0.07915733751461854
-2.627254509018036,0.20421705064910756
-2.6152304609218437,0.11315049651222837
-2.603206412825651,0.06301940512522039
-2.591182364729459,0.15896495579713263
-2.579158316633267,0.05857739798511742
-2.567134268537074,0.13168985526043364
-2.5551102204408815,0.024731774766856035
-2.5430861723446894,0.05761255898037937
-2.531062124248497,0.13500612828194955
-2.5190380761523046,0.16305906563825576
-2.5070140280561124,0.13550532303848828
-2.49498997995992,0.12178140861888317
-2.4829659318637276,0.11295873978712678
-2.470941883767535,0.054358774095539325
-2.458917835671343,0.09238233596139742
-2.44689378757515,0.1052491027887465
-2.434869739478958,0.18085879460318421
-2.4228456913827654,0.14471894200795493
-2.4108216432865732,0.03873385590543987
-2.3987975951903806,0.14224941777395522
-2.3867735470941884,0.10576124928033222
-2.3747494989979963,0.08994970890110707
-2.3627254509018036,0.15297013101101478
-2.350701402805611,0.17233687248131582
-2.338677354709419,0.1655618162353353
-2.3266533066132267,0.07505869801227352
-2.314629258517034,0.09939234055201587
-2.3026052104208414,0.12906216547694865
-2.2905811623246493,0.15873622017032854
-2.278557114228457,0.08327570169638535
-2.2665330661322645,0.09504419790442303
-2.2545090180360723,0.04592247716125859
-2.2424849699398797,0.03816264124399229
-2.2304609218436875,0.13515725747092977
-2.218436873747495,0.15872804638441157
-2.2064128256513027,0.08353079594552096
-2.19438877755511,0.1333567311225636
-2.182364729458918,0.09714780061079967
-2.1703406813627257,0.04253690649614773
-2.158316633266533,0.08843465251683523
-2.1462925851703405,0.1426881090011922
-2.1342685370741483,0.05927040767237782
-2.122244488977956,0.13442817143289282
-2.1102204408817635,-0.07979307214196271
-2.098196392785571,0.08715671526569427
-2.0861723446893787,0.04515608770382465
-2.0741482965931866,0.020475995931099132
-2.062124248496994,0.03452348210418013
-2.0501002004008018,-0.07504129330634432
-2.038076152304609,0.007654282629837431
-2.026052104208417,0.030699833504441637
-2.0140280561122244,0.0808576219544286
-2.002004008016032,-0.024912516525415405
-1.9899799599198398,-0.04545909532503699
-1.9779559118236474,-0.03622382922423954
-1.965931863727455,0.02847391562422834
-1.9539078156312626,-0.007069836709316303
-1.9418837675350702,-0.056249776250012276
-1.9298597194388778,-0.010387977073665792
-1.9178356713426854,-0.03751416122937884
-1.905811623246493,-0.0002713547978560396
-1.8937875751503006,-0.09015234695021736
-1.8817635270541082,-0.07778094337132098
-1.8697394789579158,-0.08734487260109154
-1.8577154308617234,-0.14724166034202182
-1.845691382765531,-0.06556241399521491
-1.8336673346693386,-0.07358541709196315
-1.8216432865731462,-0.09261060232996647
-1.8096192384769538,-0.11077311382944927
-1.7975951903807614,-0.17593016172476547
-1.7855711422845693,-0.13224310346227588
-1.7735470941883769,-0.1343180526838924
-1.7615230460921845,-0.1631808701487214
-1.749498997995992,-0.13692006787952918
-1.7374749498997997,-0.11433701855957518
-1.7254509018036073,-0.045799969171482574
-1.7134268537074149,-0.13682694322794156
-1.7014028056112225,-0.1379927270708505
-1.68937875751503,-0.15976581813984833
-1.6773547094188377,-0.2570052958008303
-1.6653306613226453,-0.16725671680656629
-1.653306613226453,-0.1676160890719873
-1.6412825651302605,-0.05198565747463811
-1.629258517034068,-0.18910095591041456
-1.6172344689378757,-0.16854716611612816
-1.6052104208416833,-0.18929984436618025
-1.593186372745491,-0.24972771992929388
-1.5811623246492985,-0.1376639578797361
-1.5691382765531063,-0.16049347123652838
-1.557114228456914,-0.16158947516414676
-1.5450901803607215,-0.24941966809572824
-1.5330661322645291,-0.13637059946047453
-1.5210420841683367,-0.2789063935511835
-1.5090180360721444,-0.18151092051394713
-1.496993987975952,-0.10310044562969005
-1.4849699398797596,-0.26364233228620415
-1.4729458917835672,-0.24363907126372436
-1.4609218436873748,-0.21126043761275656
-1.4488977955911824,-0.24203977355107956
-1.43687374749499,-0.2947205699446639
-1.4248496993987976,-0.21377359354831227
-1.4128256513026052,-0.27001898488043186
-1.4008016032064128,-0.19260899462397701
-1.3887775551102204,-0.2613227295838729
-1.376753507014028,-0.13659139343635512
-1.3647294589178356,-0.25165696892556205
-1.3527054108216432,-0.22666936405428015
-1.340681362725451,-0.16762470707421004
-1.3286573146292586,-0.2672371714614437
-1.3166332665330662,-0.19137058215958755
-1.3046092184368738,-0.13408974807200066
-1.2925851703406814,-0.27617581158483717
-1.280561122244489,-0.1825742817044774
-1.2685370741482966,-0.17446415815778374
-1.2565130260521042,-0.14366625186657572
-1.2444889779559118,-0.2395499204728284
-1.2324649298597194,-0.2383155593352581
-1.220440881763527,-0.14043115849902993
-1.2084168336673347,-0.1455598357763345
-1.1963927855711423,-0.1414110965952781
-1.1843687374749499,-0.12978670176014995
-1.1723446893787575,-0.17393164664565378
-1.160320641282565,-0.12078852732039896
-1.1482965931863727,-0.10986982838514764
-1.1362725450901803,-0.1520169931908998
-1.124248496993988,-0.014443046411653046
-1.1122244488977957,-0.07513186053027807
-1.1002004008016033,-0.14914316194155647
-1.088176352705411,-0.04717124818986693
-1.0761523046092185,-0.11882448230575539
-1.0641282565130261,-0.02050258538563006
-1.0521042084168337,0.008626834117019644
-1.0400801603206413,-0.07946801342147035
-1.028056112224449,0.020913680132171417
-1.0160320641282565,0.0048666240821702705
-1.0040080160320641,0.03711109751800021
-0.9919839679358717,0.10291960311412368
-0.9799599198396796,0.008166985150217076
-0.9679358717434869,-0.004616508013864158
-0.9559118236472948,0.0014985454437142498
-0.9438877755511021,0.01835005325661168
-0.93186372745491,0.06870609022848682
-0.9198396793587174,0.1032853678671086
-0.9078156312625252,0.11396627607067193
-0.8957915831663326,0.1556233452705921
-0.8837675350701404,0.12926603541053217
-0.8717434869739478,0.21585427867260532
-0.8597194388777556,0.14470654915829378
-0.847695390781563,0.3088999028807504
-0.8356713426853708,0.2193069175400122
-0.8236472945891782,0.16046741136899448
-0.811623246492986,0.1652413950291137
-0.7995991983967938,0.2585185076467188
-0.7875751503006012,0.23896769132203483
-0.775551102204409,0.3017126223680706
-0.7635270541082164,0.30566063231632795
-0.7515030060120242,0.2944462350678422
-0.7394789579158316,0.2719279280200879
-0.7274549098196395,0.2547842654462903
-0.7154308617234468,0.32452690691098235
-0.7034068136272547,0.40605344359611373
-0.691382765531062,0.39036155081521434
-0.6793587174348699,0.3338233775922673
-0.6673346693386772,0.4212403975172199
-0.6553106212424851,0.4483232429285647
-0.6432865731462925,0.4013328487840169
-0.6312625250501003,0.4696599241837524
-0.6192384769539077,0.4812988864545775
-0.6072144288577155,0.4376087486551511
-0.5951903807615229,0.5289566526271334
-0.5831663326653307,0.5553449078012527
-0.5711422845691385,0.5976121876250073
-0.5591182364729459,0.612206406485242
-0.5470941883767537,0.5065794641821904
-0.5350701402805611,0.5443955164263417
-0.5230460921843689,0.6327268851428337
-0.5110220440881763,0.6482046665449973
-0.49899799599198413,0.6636473491115021
-0.4869739478957915,0.8457380291788682
-0.47494989979959934,0.6966670126056892
-0.4629258517034067,0.7397241078683445
-0.45090180360721455,0.7452594503649453
-0.4388777555110219,0.7445206892168252
-0.42685370741482975,0.7103458389043091
-0.41482965931863713,0.7779706916326226
-0.40280561122244496,0.7150371739913849
-0.39078156312625234,0.7552256889305073
-0.37875751503006017,0.7559075101017112
-0.36673346693386755,0.7970884581445018
-0.35470941883767537,0.9212460698792306
-0.3426853707414832,0.7243571603606309
-0.3306613226452906,0.8639193980502855
-0.3186372745490984,0.7605253065204666
-0.3066132264529058,0.8287782751535934
-0.2945891783567136,0.917685807930345
-0.282565130260521,0.8769561945580193
-0.2705410821643288,0.8299905300801151
-0.2585170340681362,0.8578712710048809
-0.24649298597194402,0.9369899027245482
-0.2344689378757514,0.8754721882905565
-0.22244488977955923,0.931393297503534
-0.2104208416833666,0.931020880467876
-0.19839679358717444,0.9039193309504593
-0.18637274549098182,1.0510321645632779
-0.17434869739478964,0.982438839458059
-0.16232464929859702,0.8559601267059256
-0.15030060120240485,0.9725752662686804
-0.13827655310621267,0.9357543058930494
-0.12625250501002006,1.016607391096834
-0.11422845691382788,0.9390484118469923
-0.10220440881763526,0.9771689773651198
-0.09018036072144309,1.011925525971445
-0.07815631262525047,1.0332700741475398
-0.0661322645290583,0.9328066097972058
-0.054108216432865675,0.9784660192465784
-0.0420841683366735,0.9733419743250319
-0.03006012024048088,0.96584782079287
-0.018036072144288706,1.0877377010212812
-0.006012024048096087,1.020189631399092
0.006012024048096087,0.9368963481342918
0.018036072144288706,1.0453580863599652
0.03006012024048088,1.1046220922721872
0.0420841683366735,1.048712502910637
0.054108216432865675,0.9192225827409252
0.0661322645290583,0.968609726506682
0.07815631262525047,1.0533278718983647
0.09018036072144264,0.9512926887414833
0.10220440881763526,1.005096770845776
0.11422845691382744,1.017406151440094
0.12625250501002006,0.9276392007781187
0.13827655310621223,0.965867361328379
0.15030060120240485,0.8011891835267553
0.16232464929859702,0.9059978739720914
0.17434869739478964,0.9381144807725005
0.18637274549098182,0.8814458009987691
0.19839679358717444,1.0181199135273318
0.2104208416833666,0.8572352195746538
0.22244488977955923,0.8985681436895859
0.2344689378757514,0.9185275487407178
0.24649298597194402,0.9750736797311202
0.2585170340681362,0.8218433489089074
0.2705410821643288,0.9420359565843284
0.282565130260521,0.8742538466542256
0.2945891783567136,0.8141628455295792
0.3066132264529058,0.8754800421562287
0.31863727454909796,0.8511140848586232
0.3306613226452906,0.7995955446736202
0.34268537074148275,0.8212105242397195
0.35470941883767537,0.7862474617024672
0.36673346693386755,0.7986706184377481
0.37875751503006017,0.8132822212192187
0.39078156312625234,0.8463674600747754
0.40280561122244496,0.691787659776921
0.41482965931863713,0.8466738993407725
0.42685370741482975,0.6285049111602014
0.4388777555110219,0.7043618718997562
0.45090180360721455,0.7269752225145141
0.4629258517034067,0.6969954192460662
0.47494989979959934,0.6369875110800012
0.4869739478957915,0.6426953421282684
0.49899799599198413,0.6132449180632581
0.5110220440881763,0.5930471311521763
0.5230460921843685,0.6494552266334526
0.5350701402805611,0.6091375427203501
0.5470941883767533,0.5408174528170128
0.5591182364729459,0.6044962976551594
0.5711422845691381,0.5588246015100745
0.5831663326653307,0.5679487874247889
0.5951903807615229,0.5425487267058999
0.6072144288577155,0.45330751300057864
0.6192384769539077,0.45037939852242903
0.6312625250501003,0.4993383491426391
0.6432865731462925,0.47604423386574685
0.6553106212424851,0.42801229424391546
0.6673346693386772,0.4184477203900999
0.6793587174348699,0.45999356131728797
0.691382765531062,0.35007829416691266
0.7034068136272547,0.39058837293844195
0.7154308617234468,0.3367430218926387
0.7274549098196395,0.3196425665192225
0.7394789579158316,0.36920645652286765
0.7515030060120238,0.3393584981500881
0.7635270541082164,0.32267423288768265
0.7755511022044086,0.33128653802118324
0.7875751503006012,0.25119102266996535
0.7995991983967934,0.2684925354493083
0.811623246492986,0.20327268210249652
0.8236472945891782,0.2195336068142307
0.8356713426853708,0.18151639743337766
0.847695390781563,0.17774124280090536
0.8597194388777556,0.18769724209203728
0.8717434869739478,0.10226654065306584
0.8837675350701404,0.23323530460090985
0.8957915831663326,0.06396331374380582
0.9078156312625252,0.03942230546478437
0.9198396793587174,0.14413331280127978
0.93186372745491,0.11214431039733883
0.9438877755511021,0.09034655835749136
0.9559118236472948,0.07739154238820442
0.9679358717434869,0.0324579615616646
0.9799599198396791,-0.02442632762393054
0.9919839679358717,0.011870181891112625
1.0040080160320644,-0.03784999605733016
1.0160320641282565,0.032983564406232915
1.0280561122244487,-0.03460799540515147
1.0400801603206409,-0.07970875734351002
1.052104208416834,-0.06537223691600048
1.0641282565130261,-0.03921024285897145
1.0761523046092183,-0.09827662643458782
1.0881763527054105,-0.12110994839987964
1.1002004008016035,-0.07739362650682853
1.1122244488977957,-0.0865751780204313
1.1242484969939879,-0.13307893073744714
1.13627254509018,-0.13985133757049745
1.1482965931863731,-0.11292095518220019
1.1603206412825653,-0.20480542925331552
1.1723446893787575,-0.21030359928555697
1.1843687374749496,-0.1830313232976204
1.1963927855711418,-0.16460809669816404
1.2084168336673349,-0.14486369115809364
1.220440881763527,-0.09276042593239722
1.2324649298597192,-0.1294097475209432
1.2444889779559114,-0.1856993114270954
1.2565130260521045,-0.1837082058505757
1.2685370741482966,-0.23758476610209533
1.2805611222444888,-0.192731631430712
1.292585170340681,-0.21023458180278262
1.304609218436874,-0.1833109577692177
1.3166332665330662,-0.24410512606741017
1.3286573146292584,-0.17972662992768726
1.3406813627254506,-0.13166362229256456
1.3527054108216436,-0.21600429566683932
1.3647294589178358,-0.19240871820380318
1.376753507014028,-0.17958091410167648
1.3887775551102202,-0.23541254146647456
1.4008016032064123,-0.2050839920652152
1.4128256513026054,-0.21627417915503686
1.4248496993987976,-0.21231793736117205
1.4368737474949898,-0.25583788758413056
1.448897795591182,-0.21564048213232245
1.460921843687375,-0.1913430913048661
1.4729458917835672,-0.14276700439383366
1.4849699398797593,-0.16615197472540943
1.4969939879759515,-0.10496410404461123
1.5090180360721446,-0.2492211533483631
1.5210420841683367,-0.16519780857553554
1.533066132264529,-0.19734321472036198
1.545090180360721,-0.09446014869510781
1.5571142284569142,-0.24155598678405665
1.5691382765531063,-0.2400762149799059
1.5811623246492985,-0.22477473087768823
1.5931863727454907,-0.2974886042638077
1.6052104208416837,-0.21385200696495602
1.617234468937876,-0.2215811663104936
1.629258517034068,-0.17196321834754805
1.6412825651302603,-0.15805996431004457
1.6533066132264524,-0.07681905760824452
1.6653306613226455,-0.11840983112480283
1.6773547094188377,-0.18991191781899838
1.6893787575150299,-0.200964255918958
1.701402805611222,-0.1262742880316637
1.713426853707415,-0.2115674942205656
1.7254509018036073,-0.0485363259392914
1.7374749498997994,-0.07556755536423788
1.7494989979959916,-0.1523145649014642
1.7615230460921847,-0.20872373314218434
1.7735470941883769,-0.0494887081492833
1.785571142284569,-0.11693782958663897
1.7975951903807612,-0.043270809023571784
1.8096192384769543,-0.1787651401004101
1.8216432865731464,-0.12283502630977816
1.8336673346693386,-0.08637599571504846
1.8456913827655308,-0.07801939816020675
1.857715430861723,-0.09656918650937837
1.869739478957916,-0.03659696832710872
1.8817635270541082,-0.1147788575105623
1.8937875751503004,-0.06216866650741441
1.9058116232464926,-0.0426888227389057
1.9178356713426856,-0.01664609699384326
1.9298597194388778,-0.0004706048248891079
1.94188376753507,-0.0859938706535538
1.9539078156312621,-0.1002131007290818
1.9659318637274552,0.046587650834050226
1.9779559118236474,0.005479723553966864
1.9899799599198396,-0.04245874200820543
2.0020040080160317,0.07855859316439298
2.014028056112225,0.012746651431996004
2.026052104208417,0.07180906413204564
2.038076152304609,0.022013801092218475
2.0501002004008013,0.12737454866779957
2.0621242484969935,0.11770248539956513
2.0741482965931866,0.02297815603043883
2.0861723446893787,0.08938228183963387
2.098196392785571,0.07833038752619045
2.110220440881763,0.11962576093914185
2.122244488977956,0.007949815613187257
2.1342685370741483,0.09536428262779736
2.1462925851703405,0.11870750502037312
2.1583166332665327,-0.01757210207974129
2.1703406813627257,0.01562996859311519
2.182364729458918,-0.02289560952958708
2.19438877755511,0.0697097445057345
2.2064128256513023,0.12300841481433558
2.2184368737474953,0.166033897560672
2.2304609218436875,0.09823570537220865
2.2424849699398797,0.17940374972659043
2.254509018036072,0.032234152950815276
2.266533066132265,0.019158024769856313
2.278557114228457,0.1044570286438189
2.2905811623246493,0.12916223626117596
2.3026052104208414,0.11086425650206581
2.3146292585170336,0.01148085434258267
2.3266533066132267,0.11256357219776603
2.338677354709419,0.053774335254282726
2.350701402805611,0.1542705237980202
2.362725450901803,0.14071622887381374
2.3747494989979963,0.07680181960003724
2.3867735470941884,0.09932201743431336
2.3987975951903806,0.0730845432097679
2.410821643286573,0.12375190880991795
2.422845691382766,0.17529514355459377
2.434869739478958,0.07871638097546124
2.44689378757515,0.1534833671126281
2.4589178356713424,0.10186166546251081
2.4709418837675354,0.08864123200079349
2.4829659318637276,0.12266240656886333
2.49498997995992,0.07580170661732649
2.507014028056112,0.09925444371163067
2.519038076152304,0.06624184200904287
2.531062124248497,0.22339932313431285
2.5430861723446894,0.12578503902388732
2.5551102204408815,0.08772900556121555
2.5671342685370737,0.13194567104690705
2.579158316633267,0.11400317799912704
2.591182364729459,0.10678923021531202
2.603206412825651,0.14661328657518666
2.6152304609218433,0.1517007432514904
2.6272545090180364,0.08507808404313418
2.6392785571142285,0.08045175609385438
2.6513026052104207,0.09299586445719722
2.663326653306613,-0.010970922889886103
2.675350701402806,0.025617955214909185
2.687374749498998,0.16685418820112025
2.6993987975951903,0.17777744422076927
2.7114228456913825,0.07998659082455005
2.7234468937875747,0.11807156116878573
2.7354709418837677,0.10151285679578731
2.74749498997996,0.23650775804006907
2.759519038076152,0.1350680599213961
2.7715430861723442,0.06913682662033219
2.7835671342685373,0.024122501466991242
2.7955911823647295,-0.012126863841780869
2.8076152304609217,0.07459940762752343
2.819639278557114,0.022780080674742784
2.831663326653307,-0.014397251570309744
2.843687374749499,0.02045685908019794
2.8557114228456912,-0.005263728249568417
2.8677354709418834,0.12916287593085768
2.8797595190380765,0.08484971298981771
2.8917835671342687,0.03630668093970874
2.903807615230461,0.10662159832687237
2.915831663326653,0.03239918714842545
2.927855711422846,-0.0186339740169105
2.9398797595190382,0.09648473300091924
2.9519038076152304,0.04317685384123529
2.9639278557114226,-0.03971795494044151
2.9759519038076148,-0.0014438107680642964
2.987975951903808,-0.03975772475724856
3.0,-0.06913998654821676
